{"loss": [131.02882385253906, 3.4586715698242188, 3.2050528526306152, 2.807255744934082, 2.405224561691284, 2.017049551010132, 1.663109540939331, 1.369289517402649, 1.1166847944259644, 1.0123881101608276, 0.8105707168579102, 0.6692930459976196, 0.567270815372467, 0.544955849647522, 0.4671691358089447, 0.43957895040512085, 0.3886730670928955, 0.34647756814956665, 0.31587979197502136, 0.26453641057014465, 0.28103697299957275, 0.21755436062812805, 0.20985646545886993, 0.26451337337493896, 0.2626355290412903, 0.21374908089637756, 0.2522372305393219, 0.2022009789943695, 0.18381735682487488, 0.18344826996326447, 0.15926484763622284, 0.15671198070049286], "accuracy": [0.03946962580084801, 0.08603145182132721, 0.13906876742839813, 0.23126734793186188, 0.34566760063171387, 0.4424915313720703, 0.541473925113678, 0.6247301697731018, 0.6907184720039368, 0.7243293523788452, 0.7918593883514404, 0.8270120024681091, 0.8513721823692322, 0.8621646761894226, 0.8794326186180115, 0.8960838913917542, 0.8982423543930054, 0.9164354205131531, 0.9256861209869385, 0.9364785552024841, 0.934628427028656, 0.9500462412834167, 0.9460375905036926, 0.9370952844619751, 0.9432623982429504, 0.9451125264167786, 0.9441874623298645, 0.958988606929779, 0.9562133550643921, 0.9645389914512634, 0.9583718776702881, 0.9679309129714966], "val_loss": [3.4460792541503906, 3.117502212524414, 2.598132610321045, 2.112673759460449, 1.8158371448516846, 1.4522018432617188, 1.1977039575576782, 1.0369244813919067, 0.8117086887359619, 0.705968976020813, 0.6374294757843018, 0.6200979948043823, 0.6498103141784668, 0.5144845247268677, 0.5248231291770935, 0.550452470779419, 0.5613268613815308, 0.6088829040527344, 0.5090352892875671, 0.5878439545631409, 0.6067872047424316, 0.5055567026138306, 0.5000014305114746, 0.6212801337242126, 0.5168386101722717, 0.5141127109527588, 0.42968276143074036, 0.5917460918426514, 0.47533750534057617, 0.4403088390827179, 0.608109712600708, 0.6939201354980469], "val_accuracy": [0.0655270665884018, 0.14814814925193787, 0.28205129504203796, 0.45584046840667725, 0.5327635407447815, 0.6410256624221802, 0.7378917336463928, 0.7891737818717957, 0.8603988885879517, 0.8689458966255188, 0.8717948794364929, 0.9116809368133545, 0.9002848863601685, 0.9230769276618958, 0.934472918510437, 0.9316239356994629, 0.9287749528884888, 0.9430199265480042, 0.9487179517745972, 0.945868968963623, 0.9515669345855713, 0.9544159770011902, 0.934472918510437, 0.9373219609260559, 0.9544159770011902, 0.9572649598121643, 0.9601139426231384, 0.9430199265480042, 0.9572649598121643, 0.9572649598121643, 0.9515669345855713, 0.945868968963623]}